{"efc3c30e-1574-4d9f-bbce-270be66a5a2b.txt":{"cp":false,"d":0,"dc":false,"dp":false,"lk":1,"p":0.5,"s":120,"sp":false,"t":1752932898560,"x":0,"y":0,"z":100},"requirements.txt":{"cp":false,"d":0,"dc":false,"dp":false,"lk":1,"p":1,"s":120,"sp":false,"t":1753345164895,"x":0,"y":-0.0067274305,"z":100},"e58056d2-5c6d-4780-a817-ed51fee05c45.txt":{"cp":false,"d":0,"dc":false,"dp":false,"lk":1,"p":0.85714287,"s":120,"sp":false,"t":1752949090804,"x":0,"y":-0.15894112,"z":100},"README.md":{"cp":false,"d":0,"dc":false,"dp":false,"lk":1,"p":1,"s":120,"sp":false,"t":1753345534768,"x":0,"y":-0.040364582,"z":100},"1912.01412v1.pdf":{"cp":false,"d":0,"dc":false,"dp":false,"lk":2,"p":0.16666667,"s":120,"sp":false,"t":1753175800228,"x":-0.07361111,"y":-0.23790133,"z":100},"AI_Thinking_Mode_Cheat_Sheet.pdf":{"cp":false,"d":0,"dc":false,"dp":false,"lk":2,"p":0.5,"s":120,"sp":false,"t":1752975158191,"x":0.01654633,"y":0.08743231,"z":277},"AI_Thinking_Mode_Cheat_Sheet.txt":{"cp":false,"d":0,"dc":false,"dp":false,"lk":1,"p":0.5714286,"s":120,"sp":false,"t":1753142514285,"x":0,"y":-0.41801223,"z":100},"WHITU-V_HAX_Lyrics.txt":{"cp":false,"d":0,"dc":false,"dp":false,"lk":1,"p":0.25,"s":120,"sp":false,"t":1753096918208,"x":0,"y":-0.04002821,"z":100},"Audio_FX_Script.txt":{"cp":false,"d":0,"dc":false,"dp":false,"lk":1,"p":1,"s":120,"sp":false,"t":1753141748636,"x":0,"y":0,"z":100},"I_Heart_AI_UI_BLUEPRINT.txt":{"cp":false,"d":0,"dc":false,"dp":false,"lk":1,"p":0.8,"s":120,"sp":false,"t":1753142866251,"x":0,"y":-0.39648446,"z":100},"chatgpt_agent_modes_final.md":{"cp":false,"d":0,"dc":false,"dp":false,"lk":1,"p":0.75,"s":120,"sp":false,"t":1753299743496,"x":0,"y":-0.17249355,"z":100}}